{
	"credit": "Made with Blockbench",
	"parent": "minecraft:block/template_lantern",
	"textures": {
		"0": "overhaul:item/prometheus_lantern/prometheus_lantern_4",
		"particle": "overhaul:item/prometheus_lantern/prometheus_lantern_4"
	},
	"elements": [
		{
			"from": [8, 10, 6.5],
			"to": [8, 16, 9.5],
			"shade": false,
			"rotation": {"angle": 45, "axis": "y", "origin": [8, 8, 8]},
			"faces": {
				"north": {"uv": [0, 0, 0, 0], "texture": "#0"},
				"east": {"uv": [11, 6, 14, 12], "texture": "#0"},
				"south": {"uv": [0, 0, 0, 0], "texture": "#0"},
				"west": {"uv": [14, 6, 11, 12], "texture": "#0"},
				"up": {"uv": [0, 0, 0, 0], "texture": "#0"},
				"down": {"uv": [0, 0, 0, 0], "texture": "#0"}
			}
		},
		{
			"from": [5, 1, 5],
			"to": [11, 8, 11],
			"light_emission": 10,
			"faces": {
				"north": {"uv": [0, 2, 6, 9], "texture": "#0"},
				"east": {"uv": [0, 2, 6, 9], "texture": "#0"},
				"south": {"uv": [0, 2, 6, 9], "texture": "#0"},
				"west": {"uv": [0, 2, 6, 9], "texture": "#0"},
				"up": {"uv": [0, 9, 6, 15], "texture": "#0"},
				"down": {"uv": [0, 9, 6, 15], "texture": "#0"}
			}
		},
		{
			"name": "outer invert",
			"from": [11, 8, 11],
			"to": [5, 1, 5],
			"light_emission": 10,
			"rotation": {"angle": 0, "axis": "y", "origin": [6, 7, 6]},
			"faces": {
				"north": {"uv": [0, 2, 6, 9], "texture": "#0"},
				"east": {"uv": [0, 2, 6, 9], "texture": "#0"},
				"south": {"uv": [0, 2, 6, 9], "texture": "#0"},
				"west": {"uv": [0, 2, 6, 9], "texture": "#0"},
				"up": {"uv": [0, 9, 6, 15], "texture": "#0"},
				"down": {"uv": [0, 9, 6, 15], "texture": "#0"}
			}
		},
		{
			"from": [6, 8, 6],
			"to": [10, 10, 10],
			"faces": {
				"north": {"uv": [1, 0, 5, 2], "texture": "#0"},
				"east": {"uv": [1, 0, 5, 2], "texture": "#0"},
				"south": {"uv": [1, 0, 5, 2], "texture": "#0"},
				"west": {"uv": [1, 0, 5, 2], "texture": "#0"},
				"up": {"uv": [1, 10, 5, 14], "texture": "#0"},
				"down": {"uv": [1, 10, 5, 14], "texture": "#0"}
			}
		},
		{
			"from": [6.5, 11, 8],
			"to": [9.5, 15, 8],
			"shade": false,
			"rotation": {"angle": 45, "axis": "y", "origin": [8, 8, 8]},
			"faces": {
				"north": {"uv": [14, 1, 11, 5], "texture": "#0"},
				"east": {"uv": [0, 0, 0, 0], "texture": "#0"},
				"south": {"uv": [11, 1, 14, 5], "texture": "#0"},
				"west": {"uv": [0, 0, 0, 0], "texture": "#0"},
				"up": {"uv": [0, 0, 0, 0], "texture": "#0"},
				"down": {"uv": [0, 0, 0, 0], "texture": "#0"}
			}
		},
		{
			"name": "core",
			"from": [6, 2, 6],
			"to": [10, 7, 10],
			"faces": {
				"north": {"uv": [6, 10, 10, 15], "texture": "#0"},
				"east": {"uv": [6, 10, 10, 15], "texture": "#0"},
				"south": {"uv": [6, 10, 10, 15], "texture": "#0"},
				"west": {"uv": [6, 10, 10, 15], "texture": "#0"},
				"up": {"uv": [6, 10, 10, 15], "texture": "#0"},
				"down": {"uv": [6, 10, 10, 15], "texture": "#0"}
			}
		},
		{
			"name": "hl01",
			"from": [6, 2, 5],
			"to": [10, 7, 11],
			"faces": {
				"north": {"uv": [6, 9, 7, 10], "texture": "#0"},
				"east": {"uv": [6, 9, 7, 10], "texture": "#0"},
				"south": {"uv": [6, 9, 7, 10], "texture": "#0"},
				"west": {"uv": [6, 9, 7, 10], "texture": "#0"},
				"up": {"uv": [6, 9, 7, 10], "texture": "#0"},
				"down": {"uv": [6, 9, 7, 10], "texture": "#0"}
			}
		},
		{
			"name": "hl01",
			"from": [5, 2, 6],
			"to": [11, 7, 10],
			"faces": {
				"north": {"uv": [6, 9, 7, 10], "texture": "#0"},
				"east": {"uv": [6, 9, 7, 10], "texture": "#0"},
				"south": {"uv": [6, 9, 7, 10], "texture": "#0"},
				"west": {"uv": [6, 9, 7, 10], "texture": "#0"},
				"up": {"uv": [6, 9, 7, 10], "texture": "#0"},
				"down": {"uv": [6, 9, 7, 10], "texture": "#0"}
			}
		}
	],
	"display": {
		"thirdperson_righthand": {
			"rotation": [21, 4, 0],
			"translation": [0.25, -2.25, -0.25],
			"scale": [0.57, 0.59, 0.6]
		},
		"thirdperson_lefthand": {
			"rotation": [66, 0, 0],
			"translation": [0, -3.5, -4.5],
			"scale": [0.6, 0.6, 0.6]
		},
		"firstperson_righthand": {
			"translation": [3.5, 1.75, 0.5],
			"scale": [0.7, 0.67, 0.66]
		},
		"firstperson_lefthand": {
			"rotation": [-19, 0, 0],
			"translation": [1, 5.75, 0]
		},
		"ground": {
			"translation": [0, 6.25, 0]
		},
		"gui": {
			"translation": [0, 2.25, 0],
			"scale": [0.67, 0.67, 0.66]
		},
		"head": {
			"translation": [0, 3.25, 0]
		},
		"fixed": {
			"translation": [0, 2.75, 0],
			"scale": [0.78, 0.78, 0.77]
		}
	},
	"groups": [
		{
			"name": "lantern",
			"origin": [8, 8, 8],
			"color": 0,
			"children": [
				0,
				1,
				2,
				3,
				4,
				{
					"name": "group",
					"origin": [0, -1, 0],
					"color": 0,
					"children": [5, 6, 7]
				}
			]
		}
	]
}