{
	"credit": "Made with Blockbench",
	"parent": "minecraft:block/template_lantern",
	"textures": {
		"1": "overhaul:item/prometheus_lantern",
		"particle": "overhaul:item/prometheus_lantern"
	},
	"elements": [
		{
			"from": [8, 10, 6.5],
			"to": [8, 16, 9.5],
			"shade": false,
			"rotation": {"angle": 45, "axis": "y", "origin": [8, 8, 8]},
			"faces": {
				"north": {"uv": [0, 0, 0, 0], "texture": "#1"},
				"east": {"uv": [11, 6, 14, 12], "texture": "#1"},
				"south": {"uv": [0, 0, 0, 0], "texture": "#1"},
				"west": {"uv": [14, 6, 11, 12], "texture": "#1"},
				"up": {"uv": [0, 0, 0, 0], "texture": "#1"},
				"down": {"uv": [0, 0, 0, 0], "texture": "#1"}
			}
		},
		{
			"from": [5, 1, 5],
			"to": [11, 8, 11],
			"faces": {
				"north": {"uv": [0, 2, 6, 9], "texture": "#1"},
				"east": {"uv": [0, 2, 6, 9], "texture": "#1"},
				"south": {"uv": [0, 2, 6, 9], "texture": "#1"},
				"west": {"uv": [0, 2, 6, 9], "texture": "#1"},
				"up": {"uv": [0, 9, 6, 15], "texture": "#1"},
				"down": {"uv": [0, 9, 6, 15], "texture": "#1"}
			}
		},
		{
			"name": "hl",
			"from": [4, 0, 4],
			"to": [12, 9, 12],
			"faces": {
				"north": {"uv": [6, 3, 8, 5], "texture": "#1"},
				"east": {"uv": [6, 3, 8, 5], "texture": "#1"},
				"south": {"uv": [6, 3, 8, 5], "texture": "#1"},
				"west": {"uv": [6, 3, 8, 5], "texture": "#1"},
				"up": {"uv": [6, 3, 8, 5], "texture": "#1"},
				"down": {"uv": [6, 3, 8, 5], "texture": "#1"}
			}
		},
		{
			"name": "hl",
			"from": [3, -1, 3],
			"to": [13, 10, 13],
			"faces": {
				"north": {"uv": [6, 5, 8, 7], "texture": "#1"},
				"east": {"uv": [6, 5, 8, 7], "texture": "#1"},
				"south": {"uv": [6, 5, 8, 7], "texture": "#1"},
				"west": {"uv": [6, 5, 8, 7], "texture": "#1"},
				"up": {"uv": [6, 5, 8, 7], "texture": "#1"},
				"down": {"uv": [6, 5, 8, 7], "texture": "#1"}
			}
		},
		{
			"name": "hl",
			"from": [2, -2, 2],
			"to": [14, 11, 14],
			"faces": {
				"north": {"uv": [6, 7, 8, 9], "texture": "#1"},
				"east": {"uv": [6, 7, 8, 9], "texture": "#1"},
				"south": {"uv": [6, 7, 8, 9], "texture": "#1"},
				"west": {"uv": [6, 7, 8, 9], "texture": "#1"},
				"up": {"uv": [6, 7, 8, 9], "texture": "#1"},
				"down": {"uv": [6, 7, 8, 9], "texture": "#1"}
			}
		},
		{
			"name": "hl",
			"from": [1, -3, 1],
			"to": [15, 12, 15],
			"faces": {
				"north": {"uv": [6, 9, 8, 11], "texture": "#1"},
				"east": {"uv": [6, 9, 8, 11], "texture": "#1"},
				"south": {"uv": [6, 9, 8, 11], "texture": "#1"},
				"west": {"uv": [6, 9, 8, 11], "texture": "#1"},
				"up": {"uv": [6, 9, 8, 11], "texture": "#1"},
				"down": {"uv": [6, 9, 8, 11], "texture": "#1"}
			}
		},
		{
			"name": "hl",
			"from": [0, -4, 0],
			"to": [16, 13, 16],
			"faces": {
				"north": {"uv": [6, 11, 8, 13], "texture": "#1"},
				"east": {"uv": [6, 11, 8, 13], "texture": "#1"},
				"south": {"uv": [6, 11, 8, 13], "texture": "#1"},
				"west": {"uv": [6, 11, 8, 13], "texture": "#1"},
				"up": {"uv": [6, 11, 8, 13], "texture": "#1"},
				"down": {"uv": [6, 11, 8, 13], "texture": "#1"}
			}
		},
		{
			"name": "hl",
			"from": [-1, -5, -1],
			"to": [17, 14, 17],
			"faces": {
				"north": {"uv": [6, 13, 8, 15], "texture": "#1"},
				"east": {"uv": [6, 13, 8, 15], "texture": "#1"},
				"south": {"uv": [6, 13, 8, 15], "texture": "#1"},
				"west": {"uv": [6, 13, 8, 15], "texture": "#1"},
				"up": {"uv": [6, 13, 8, 15], "texture": "#1"},
				"down": {"uv": [6, 13, 8, 15], "texture": "#1"}
			}
		},
		{
			"from": [6, 8, 6],
			"to": [10, 10, 10],
			"faces": {
				"north": {"uv": [1, 0, 5, 2], "texture": "#1"},
				"east": {"uv": [1, 0, 5, 2], "texture": "#1"},
				"south": {"uv": [1, 0, 5, 2], "texture": "#1"},
				"west": {"uv": [1, 0, 5, 2], "texture": "#1"},
				"up": {"uv": [1, 10, 5, 14], "texture": "#1"},
				"down": {"uv": [1, 10, 5, 14], "texture": "#1"}
			}
		},
		{
			"from": [6.5, 11, 8],
			"to": [9.5, 15, 8],
			"shade": false,
			"rotation": {"angle": 45, "axis": "y", "origin": [8, 8, 8]},
			"faces": {
				"north": {"uv": [14, 1, 11, 5], "texture": "#1"},
				"east": {"uv": [0, 0, 0, 0], "texture": "#1"},
				"south": {"uv": [11, 1, 14, 5], "texture": "#1"},
				"west": {"uv": [0, 0, 0, 0], "texture": "#1"},
				"up": {"uv": [0, 0, 0, 0], "texture": "#1"},
				"down": {"uv": [0, 0, 0, 0], "texture": "#1"}
			}
		}
	],
	"display": {
		"thirdperson_righthand": {
			"rotation": [21, 4, 0],
			"translation": [0.25, -2.25, -0.25],
			"scale": [0.57, 0.59, 0.6]
		},
		"thirdperson_lefthand": {
			"rotation": [66, 0, 0],
			"translation": [0, -3.5, -4.5],
			"scale": [0.6, 0.6, 0.6]
		},
		"firstperson_righthand": {
			"translation": [3.5, 1.75, 0.5],
			"scale": [0.7, 0.67, 0.66]
		},
		"firstperson_lefthand": {
			"rotation": [-19, 0, 0],
			"translation": [1, 5.75, 0]
		},
		"ground": {
			"translation": [0, 6.25, 0]
		},
		"gui": {
			"translation": [0, 2.25, 0],
			"scale": [0.67, 0.67, 0.66]
		},
		"head": {
			"translation": [0, 3.25, 0]
		},
		"fixed": {
			"translation": [0, 2.75, 0],
			"scale": [0.78, 0.78, 0.77]
		}
	},
	"groups": [
		{
			"name": "lantern",
			"origin": [8, 8, 8],
			"color": 0,
			"children": [0, 1, 2, 3, 4, 5, 6, 7, 8, 9]
		}
	]
}