{
	"credit": "Made with Blockbench",
	"texture_size": [32, 32],
	"textures": {
		"1": "overhaul:item/tail"
	},
	"elements": [
		{
			"from": [4, -4, -14],
			"to": [12, 4, 5],
			"rotation": {"angle": 0, "axis": "y", "origin": [9, 1, 9]},
			"faces": {
				"north": {"uv": [6, 10.5, 3, 7.5], "texture": "#1"},
				"east": {"uv": [0, 7.5, 3, 15], "rotation": 90, "texture": "#1"},
				"south": {"uv": [9, 7.5, 6, 10.5], "rotation": 180, "texture": "#1"},
				"west": {"uv": [3, 0, 6, 7.5], "rotation": 270, "texture": "#1"},
				"up": {"uv": [0, 0, 3, 7.5], "texture": "#1"},
				"down": {"uv": [6, 0, 9, 7.5], "rotation": 180, "texture": "#1"}
			}
		},
		{
			"from": [3, -5, -12],
			"to": [13, 5, 2],
			"rotation": {"angle": 0, "axis": "y", "origin": [9, 1, 9]},
			"faces": {
				"north": {"uv": [6, 10.5, 3, 7.5], "texture": "#1"},
				"east": {"uv": [0, 7.5, 3, 15], "rotation": 90, "texture": "#1"},
				"south": {"uv": [9, 7.5, 6, 10.5], "rotation": 180, "texture": "#1"},
				"west": {"uv": [3, 0, 6, 7.5], "rotation": 270, "texture": "#1"},
				"up": {"uv": [0, 0, 3, 7.5], "texture": "#1"},
				"down": {"uv": [6, 0, 9, 7.5], "rotation": 180, "texture": "#1"}
			}
		},
		{
			"from": [5, -3, -15],
			"to": [11, 3, 8],
			"rotation": {"angle": 0, "axis": "y", "origin": [9, 1, 10]},
			"faces": {
				"north": {"uv": [6, 10.5, 3, 7.5], "texture": "#1"},
				"east": {"uv": [0, 7.5, 3, 15], "rotation": 90, "texture": "#1"},
				"south": {"uv": [9, 7.5, 6, 10.5], "rotation": 180, "texture": "#1"},
				"west": {"uv": [3, 0, 6, 7.5], "rotation": 270, "texture": "#1"},
				"up": {"uv": [0, 0, 3, 7.5], "texture": "#1"},
				"down": {"uv": [6, 0, 9, 7.5], "rotation": 180, "texture": "#1"}
			}
		},
		{
			"from": [6, -2, -14],
			"to": [10, 2, 10],
			"rotation": {"angle": 0, "axis": "y", "origin": [9, 1, 10]},
			"faces": {
				"north": {"uv": [6, 10.5, 3, 7.5], "texture": "#1"},
				"east": {"uv": [0, 7.5, 3, 15], "rotation": 90, "texture": "#1"},
				"south": {"uv": [9, 7.5, 6, 10.5], "rotation": 180, "texture": "#1"},
				"west": {"uv": [3, 0, 6, 7.5], "rotation": 270, "texture": "#1"},
				"up": {"uv": [0, 0, 3, 7.5], "texture": "#1"},
				"down": {"uv": [6, 0, 9, 7.5], "rotation": 180, "texture": "#1"}
			}
		},
		{
			"from": [7, -1, -16],
			"to": [9, 1, 13],
			"rotation": {"angle": 0, "axis": "y", "origin": [9, 1, 10]},
			"faces": {
				"north": {"uv": [6, 10.5, 3, 7.5], "texture": "#1"},
				"east": {"uv": [0, 7.5, 3, 15], "rotation": 90, "texture": "#1"},
				"south": {"uv": [9, 7.5, 6, 10.5], "rotation": 180, "texture": "#1"},
				"west": {"uv": [3, 0, 6, 7.5], "rotation": 270, "texture": "#1"},
				"up": {"uv": [0, 0, 3, 7.5], "texture": "#1"},
				"down": {"uv": [6, 0, 9, 7.5], "rotation": 180, "texture": "#1"}
			}
		}
	]
}