{
  "parent": "minecraft:block/tinted_glass",
  "textures": {
    "layer0": "minecraft:block/tinted_glass"
  },
  "overrides" : [
    {
      "predicate":{
        "custom_model_data":1
      },
      "model":"overhaul:prometheus_lantern/prometheus_lantern_1"
    },
    {
      "predicate":{
        "custom_model_data":2
      },
      "model":"overhaul:prometheus_lantern/prometheus_lantern_2"
    },
    {
      "predicate":{
        "custom_model_data":3
      },
      "model":"overhaul:prometheus_lantern/prometheus_lantern_3"
    },
    {
      "predicate":{
        "custom_model_data":4
      },
      "model":"overhaul:prometheus_lantern/prometheus_lantern_4"
    },
    {
      "predicate":{
        "custom_model_data":5
      },
      "model":"overhaul:prometheus_lantern/prometheus_lantern_full"
    }
  ]
}