{
	"credit": "Made with Blockbench",
	"texture_size": [32, 32],
	"textures": {
		"1": "oppp:item/golems_wrath"
	},
	"elements": [
		{
			"from": [0, 0, 7],
			"to": [2, 17, 8],
			"rotation": {"angle": -45, "axis": "z", "origin": [0, 0, 0]},
			"faces": {
				"north": {"uv": [7.5, 7, 8.5, 15.5], "texture": "#1"},
				"east": {"uv": [7, 7, 7.5, 15.5], "texture": "#1"},
				"south": {"uv": [9, 7, 10, 15.5], "texture": "#1"},
				"west": {"uv": [8.5, 7, 9, 15.5], "texture": "#1"},
				"up": {"uv": [8.5, 7, 7.5, 6.5], "texture": "#1"},
				"down": {"uv": [9.5, 6.5, 8.5, 7], "texture": "#1"}
			}
		},
		{
			"from": [-0.5, 17, 7],
			"to": [2.5, 20, 8],
			"rotation": {"angle": -45, "axis": "z", "origin": [0, 0, 0]},
			"faces": {
				"north": {"uv": [3.5, 13.5, 5, 15], "texture": "#1"},
				"east": {"uv": [3, 13.5, 3.5, 15], "texture": "#1"},
				"south": {"uv": [5.5, 13.5, 7, 15], "texture": "#1"},
				"west": {"uv": [5, 13.5, 5.5, 15], "texture": "#1"},
				"up": {"uv": [5, 13.5, 3.5, 13], "texture": "#1"},
				"down": {"uv": [6.5, 13, 5, 13.5], "texture": "#1"}
			}
		},
		{
			"from": [-7.5, 11, 7.5],
			"to": [8.5, 23, 7.5],
			"rotation": {"angle": -45, "axis": "z", "origin": [0, 0, 0]},
			"faces": {
				"north": {"uv": [0, 0, 8, 6], "texture": "#1"},
				"east": {"uv": [0, 0, 0, 6], "texture": "#1"},
				"south": {"uv": [8, 0, 16, 6], "texture": "#1"},
				"west": {"uv": [8, 0, 8, 6], "texture": "#1"},
				"up": {"uv": [8, 0, 0, 0], "texture": "#1"},
				"down": {"uv": [16, 0, 8, 0], "texture": "#1"}
			}
		},
		{
			"from": [-0.5, -3, 7],
			"to": [2.5, 0, 8],
			"rotation": {"angle": -45, "axis": "z", "origin": [0, 0, 0]},
			"faces": {
				"north": {"uv": [3.5, 13.5, 5, 15], "texture": "#1"},
				"east": {"uv": [3, 13.5, 3.5, 15], "texture": "#1"},
				"south": {"uv": [5.5, 13.5, 7, 15], "texture": "#1"},
				"west": {"uv": [5, 13.5, 5.5, 15], "texture": "#1"},
				"up": {"uv": [5, 13.5, 3.5, 13], "texture": "#1"},
				"down": {"uv": [6.5, 13, 5, 13.5], "texture": "#1"}
			}
		}
	],
	"display": {
		"thirdperson_righthand": {
			"rotation": [-45, -90, 0],
			"translation": [-1, 3.75, 1],
			"scale": [1.5, 1.5, 1.5]
		},
		"thirdperson_lefthand": {
			"rotation": [-45, 90, 0],
			"translation": [0, 3.75, 1],
			"scale": [1.5, 1.5, 1.5]
		},
		"firstperson_righthand": {
			"rotation": [0, -90, 25],
			"translation": [0.5, 4, 1.13],
			"scale": [1, 1, 1]
		},
		"firstperson_lefthand": {
			"rotation": [0, 90, -25],
			"translation": [0.5, 4, 1.13],
			"scale": [1, 1, 1]
		},
		"ground": {
			"rotation": [0, 0, 90],
			"translation": [0, 9.75, 0]
		},
		"gui": {
			"rotation": [-20, -180, 90],
			"translation": [-0.25, -1, 0],
			"scale": [0.75, 0.75, 0.75]
		},
		"fixed": {
			"rotation": [0, 0, 90],
			"scale": [2, 2, 2]
		}
	},
	"groups": [
		{
			"name": "group",
			"origin": [8, 8, 8],
			"color": 0,
			"children": [0, 1, 2, 3]
		}
	]
}